n,widths,n_weights,n_mults,cost,test_acc,acc_drop,train_time_s
1,10,7960,7940,1114380.0,93.29,6.71,3.61
1,20,15910,15880,2227370.0,95.75,4.25,3.23
1,40,31810,31760,4453350.0,97.07,2.93,3.44
1,80,63610,63520,8905310.0,97.44,2.56,3.18
1,160,127210,127040,17809230.0,97.8,2.2,3.15
1,200,159010,158800,22261190.0,97.66,2.34,3.25
2,10-10,8070,8040,1129770.0,94.07,5.93,3.89
2,20-20,16330,16280,2286150.0,95.96,4.04,3.71
2,40-40,33450,33360,4682910.0,96.66,3.34,3.79
2,80-80,70090,69920,9812430.0,97.43,2.57,4.37
2,160-160,152970,152640,21415470.0,97.78,2.22,3.75
2,200-200,199210,198800,27888990.0,97.68,2.32,3.71
3,10-10-10,8180,8140,1145160.0,93.83,6.17,4.67
3,20-20-20,16750,16680,2344930.0,95.84,4.16,4.47
3,40-40-40,35090,34960,4912470.0,97.06,2.94,4.37
3,80-80-80,76570,76320,10719550.0,97.45,2.55,4.81
3,160-160-160,178730,178240,25021710.0,97.7,2.3,4.42
3,200-200-200,239410,238800,33516790.0,98.01,1.99,4.45
